lambda_gram,embedding
the,011101001111
transfer,011101110111
shall,011010011101
take,011100110011
place,010101010110
in,001101111011
such,011100010101
a,000000000000
manner,010001010001
that,011101001110
all,000001011100
data,000111010101
needed,010010110110
to,011101100101
perform,010100111110
any,000001110111
fourier,001011101001
transform,011101111001
showsup,011010101010
on,010011101100
single,011010110110
processor,010110100011
backend,000011000101
tofrom,011101100111
monitor,010010010011
and,000001110010
control,000110011101
interface,001110111010
be,000011010010
receive,010111101011
via,011111011010
mc,010001011111
state,011011101101
count,000110110010
produced,010110100110
by,000100000011
correlator,000110101101
valid,011111001010
counts,000110110100
quantizer,010111001011
power,010101110111
measurement,010001100100
filter,001011000001
parameters,010100100011
frequency,001011110010
shift,011010100001
windowing,100000001101
observational,010011011010
mode,010010001011
specific,011011010001
current,000111000111
evla,001010001100
for,001011011100
processing,010110100010
lag,001111111000
values,011111001111
metadata,010001111000
necessary,010010110100
format,001011011111
results,011001000100
delivery,000111101101
ee,001001010000
operational,010011111011
status,011011110100
this,011101011011
includes,001110000000
frame,001011101010
destination,001000000011
addresses,000000111100
address,000000111011
changes,000100101100
error,001001111111
warning,011111101101
provide,010110111111
reports,011000100001
as,000010010111
operating,010011111001
conditions,000101111001
warrant,011111101110
debugtest,000111011110
messages,010001110110
several,011010011100
optionally,010100000000
selectable,011010000010
levels,010000010011
of,010011100010
printed,010110010010
detailing,001000000101
at,000010100101
critical,000111000011
locations,010000101010
system,011100101011
formatted,001011100001
output,010100001111
deliver,000111101011
final,001011000011
produce,010110100101
archiving,000010001111
further,001100000110
is,001111010100
currently,000111001000
expected,001010011101
form,001011011110
compatible,000101100001
with,100000010001
aips,000001010111
sets,011010011011
acknowledge,000000100000
receipt,010111101010
received,010111101100
from,001011111001
notify,010011010101
detected,001000000111
interruptions,001111000100
verify,011111010101
successful,011100010011
internal,001110111101
guarantee,001100100011
safe,011001011110
frames,001011101100
able,000000000011
handle,001100101100
less,010000010000
than,011101001101
up,011110101100
maximum,010001011101
size,011010111011
value,011111001110
incoming,001110000010
packets,010100011100
network,010010111011
part,010100100101
checking,000100110100
errors,001010000000
determining,001000001011
was,011111101111
accumulation,000000011010
statistics,011011110011
comparison,000101011110
against,000001010001
tolerances,011101101001
reporting,011000100000
out,010100001101
tolerance,011101101000
input,001110100000
management,010001001110
store,011011111101
records,010111111000
memory,010001101111
buffer,000011111010
track,011101110001
until,011110101001
complete,000101100110
report,011000011110
overflow,010100010011
respond,011000111001
user,011110111001
optional,010011111111
sequence,011010010001
andor,000001110011
parameter,010100100010
other,010100001011
external,001010100111
inputs,001110100001
affect,000001001100
pipeline,010101010101
update,011110101101
tables,011100110000
synchronize,011100101010
operations,010011111100
srs,011011100000
new,010010111110
time,011101100001
series,011010010011
assembly,000010011100
assemble,000010011011
into,001111000111
continuous,000110011100
integrity,001110101100
verification,011111010100
ensure,001001110010
correctly,000110101001
ordered,010100000100
contains,000110010110
along,000001100100
its,001111011111
entire,001001110110
extent,001010100110
compare,000101011100
invalid,001111001010
replace,011000010110
zero,100000100101
keep,001111101010
invalids,001111001011
normalization,010011001110
apply,000010000101
normalizations,010011001111
based,000011001101
reported,011000011111
coarse,000101000101
quantization,010111001010
correction,000110100111
corrections,000110101000
vanvleck,011111010000
stamp,011011100100
adjustment,000000111111
make,010001000110
adjustments,000001000000
required,011000101000
arise,000010010011
when,011111111111
recirculation,010111101111
used,011110110111
prior,010110010101
subsequent,011100010001
will,100000001011
narrow,010010101100
band,000011001000
rfi,011001010000
mitigation,010010001000
post,010101110000
applied,000010000100
convolution,000110100011
domain,001000110100
selected,011010000011
processes,010110100001
these,011101011000
should,011010100101
constructed,000110010001
chainable,000100101001
process,010110011111
can,000100001011
piped,010101010100
including,001110000001
replica,011000011010
self,011010000110
repeatable,011000010101
chain,000100101000
no,010011000001
have,001100110011
yet,100000100010
been,000011010110
proposed,010110111000
set,011010011010
poweroftwo,010101111000
complextocomplex,000101101001
fast,001010110011
retention,011001000110
positive,010101101101
negative,010010111000
frequencies,001011110001
must,010010100100
accept,000000001001
integration,001110101011
sum,011100011010
spectral,011011011000
amount,000001101101
duration,001001000011
summation,011100011011
controlled,000110011110
an,000001101111
obtained,010011011101
number,010011010110
samplesdumps,011001100010
integrated,001110101010
each,001001000111
channel,000100101110
occur,010011011110
after,000001001110
or,010100000010
if,001101101000
none,010011000100
long,010000110010
periods,010101000101
what,011111111011
throttle,011101011101
rate,010111010100
manageable,010001001100
formatting,001011100010
combine,000101010010
finished,001011001000
spectra,011011010111
meta,010001110111
auxiliary,000010111011
suitably,011100011001
are,000010010000
entities,001001110111
backup,000011000111
disk,001000011110
buffering,000011111011
ready,010111100000
transmission,011101111011
has,001100110010
occurred,010011011111
send,011010001011
sent,011010001111
successfully,011100010100
io,001111010001
performance,010100111111
rates,010111010101
accumulate,000000011001
compute,000101110000
overall,010100010010
trap,011101111100
flag,001011001111
repair,011000010100
infs,001110010111
nans,010010101011
underflows,011110010100
overflows,010100010100
computation,000101101110
periodically,010101000100
upon,011110110001
request,011000100100
check,000100110011
pids,010101010001
assure,000010100100
started,011011101011
tasks,011100111001
alive,000001011011
running,011001011101
missing,010010000111
stopped,011011111011
defunct,000111100110
damaged,000111010010
processors,010110100100
physical,010101010000
responding,011000111010
crashed,000110111010
unresponsive,011110100111
networks,010010111100
communication,000101011001
connections,000110000011
intact,001110101000
functioning,001100000100
nonfunctioning,010011001000
components,000101101100
start,011011101010
initiate,001110011010
task,011100111000
stop,011011111010
signal,011010101110
kill,001111110000
alter,000001100110
priority,010110010111
reboot,010111100111
offload,010011101010
redistribute,010111111110
involve,001111001110
change,000100101010
ip,001111010010
general,001100001001
not,010011010001
violate,011111100000
archive,000010001110
requirements,011000101010
reversible,011001001110
raw,010111010111
unconverted,011110010010
always,000001101011
being,000011011100
recoverable,010111111010
construct,000110010000
specifications,011011010100
req,011000100011
queue,010111001110
entry,001001111010
record,010111110110
contain,000110010100
information,001110010101
properly,010110110100
plus,010101100010
storage,011011111100
processed,010110100000
converted,000110100001
names,010010101010
positions,010101101100
adjustable,000000111110
fixed,001011001110
applications,000010000011
flags,001011010001
table,011100101111
identify,001101100011
various,011111010010
relating,011000001010
response,011000111011
internally,001110111110
externally,001010101000
generated,001100001100
about,000000000101
coordinates,000110100100
etc,001010000100
translatable,011101111010
text,011101001001
message,010001110100
source,011011001011
applicable,000010000001
failure,001010101111
component,000101101011
eg,001001011001
drive,001000111011
recovery,010111111011
action,000000100101
result,011001000011
functional,001100000000
maintain,010001000000
fidelity,001010111010
dynamic,001001000101
range,010111010010
across,000000100010
manipulation,010001010000
functions,001100000101
handling,001100101110
capable,000100010001
flagging,001011010000
king,001111110001
corrupted,000110101111
segments,011010000000
proceeding,010110011101
without,100000010101
interruption,001111000011
effect,001001010001
but,000011111111
limited,010000011011
partial,010100100110
infinities,001110010100
whether,100000000100
arising,000010010100
during,001001000100
hardware,001100110001
accepting,000000001011
aggregate,000001010101
stream,011100000010
minimum,010010000110
done,001000110101
simultaneously,011010110101
necessarily,010010110011
over,010100010001
same,011001100001
interconnects,001110110110
initial,001110011001
deployment,000111110011
specification,011011010011
increased,001110000101
delivering,000111101100
mbytessec,010001011110
resends,011000101111
simultaneous,011010110100
stored,011011111110
due,001001000000
previous,010110001101
connection,000110000010
outage,010100001110
cpu,000110111001
total,011101101111
capability,000100010000
combination,000101010000
numbers,010011010111
individual,001110001101
speed,011011011001
sufficient,011100010111
accomplish,000000010011
while,100000000111
avoiding,000011000001
loss,010000110110
delay,000111101000
streams,011100000100
tbd,011100111010
access,000000001100
speeds,011011011010
dat,000111010100
availability,000010111100
code,000101000110
os,010100001010
very,011111011001
important,001101111000
autocorrection,000010110110
selfmonitoring,011010001001
it,001111011100
detecting,001000001000
automatically,000010111001
taking,011100110101
remedy,011000001111
lessen,010000010001
impact,001101101101
following,001011010111
types,011110000110
abnormal,000000000100
hangs,001100101111
crashes,000110111011
computational,000101101111
below,000011011101
above,000000000110
communications,000101011010
failures,001010110000
disruptions,001000100011
software,011011000101
withou,100000010100
cache,000100000100
predetermined,010101111111
first,001011001100
encounter,001001101000
unavailable,011110010000
requested,011000100101
cached,000100000101
once,010011101101
standby,011011101000
sit,011010110111
idle,001101100101
resume,011001000101
minimal,010010000001
accessibility,000000001110
interconnect,001110110101
readily,010111011110
accessible,000000001111
maintenance,010001000101
replacement,011000011000
reconfiguration,010111110101
security,011001111101
needs,010010110111
robust,011001010011
mechanism,010001100101
so,011011000100
unauthorized,011110001111
users,011111000010
allowed,000001100001
authorized,000010110100
restricted,011001000001
development,001000001101
testing,011101001000
personnel,010101001100
uniquely,011110011101
identified,001101100001
could,000110110001
username,011111000000
associated,000010100000
password,010100101111
scheme,011001101010
would,100000011101
authenticate,000010101111
authorize,000010110011
grant,001100011100
parts,010100101100
cannot,000100001110
they,011101011001
given,001100010010
order,010100000011
past,010100110001
attempts,000010101001
logged,010000101100
expectations,001010011100
different,001000010010
systems,011100101101
unrestricted,011110101000
aspects,000010011010
authority,000010110010
revoke,011001001111
privileges,010110011010
peruser,010101001101
basis,000011010000
hand,001100101011
require,011000100111
some,011011001000
indicating,001110001011
level,010000010010
allows,000001100011
granted,001100011101
whatdoyouneedtodo,011111111100
login,010000101111
using,011111000101
unique,011110011100
identificationg,001101100000
secure,011001111010
mannerg,010001010010
encrypted,001001101010
passwords,010100110000
administrator,000001000011
properties,010110110101
defines,000111100101
within,100000010010
systemg,011100101100
subsystems,011100010010
tools,011101101100
ability,000000000010
create,000110111100
add,000000110100
remove,011000010001
edit,001001001101
block,000011100010
selectively,011010000101
blocked,000011100011
active,000000101010
sessions,011010011001
off,010011100011
functionality,001100000010
cctns,000100100101
application,000010000010
focused,001011010100
providing,010111000010
police,010101100101
especially,001010000001
officers,010011101000
cutting,000111010001
edge,001001001100
easing,001001001010
day,000111011100
function,001011111111
registration,011000000110
citizens,000100111100
register,011000000100
their,011101010001
complaints,000101100101
then,011101010100
evidence,001010001010
facts,001010101101
investigation,001111001100
complaint,000101100100
forward,001011100110
module,010010010000
acts,000000101110
between,000011011111
eases,001001001000
approach,000010000110
interaction,001110110001
exchange,001010010011
complainants,000101100011
initiated,001110011011
initiates,001110011100
facilitates,001010101010
introduces,001111001000
efficiencies,001001010101
automating,000010111010
most,010010011100
entries,001001111001
made,010000111101
prosecution,010110111010
interfacing,001110111100
courts,000110110111
cases,000100011101
integral,001110101001
responsibilities,011000111101
designated,000111111101
constable,000110001011
station,011011110001
constantly,000110001100
interfaces,001110111011
aids,000001010110
platform,010101011111
court,000110110110
interactions,001110110010
search,011001110010
gives,001100010011
execute,001010010110
basic,000011001111
advanced,000001001001
particular,010100101001
person,010101001001
type,011110000101
crime,000111000000
modus,010010010010
operandi,010011110110
property,010110110110
also,000001100101
customize,000111001110
view,011111011100
criminalaccused,000111000001
makes,010001000111
easy,001001001011
enabling,001001100101
them,011101010010
queries,010111001100
monthly,010010010111
rti,011001011001
related,011000001001
citizen,000100111011
conduit,000101111010
unitspersonnel,011110100001
use,011110110110
tool,011101101011
get,001100001111
acknowledgements,000000100001
turn,011110000001
little,010000100101
turnaround,011110000010
improves,001101111010
productivity,010110101000
helping,001100111010
cut,000111010000
short,011010100011
drudgery,001000111101
large,001111111110
amounts,000001101110
paperwork,010100100001
navigation,010010110001
provides,010111000001
role,011001010101
landing,001111111001
pages,010100011110
which,100000000101
help,001100111000
navigating,010010110000
through,011101011110
shows,011010101001
assigned,000010011101
alerts,000001011010
pending,010100111000
hence,001100111100
plan,010101011100
better,000011011110
greater,001100011111
efficiency,001001010110
configuration,000101111011
helps,001100111011
configured,000101111101
according,000000010100
states,011011110000
addition,000000110111
keeping,001111101011
elementsrules,001001011101
date,000111011001
proper,010110110011
act,000000100011
sections,011001111001
castes,000100011110
tribes,011101111101
created,000110111101
updated,011110101110
deleted,000111101010
modules,010010010001
provided,010111000000
arate,000010001011
enclosures,001001100110
nonfunctional,010011000111
specify,011011010110
qualitative,010111001000
attributes,000010101100
userfriendliness,011110111101
useracceptance,011110111010
solution,011011000111
detailed,001000000100
contextsensitive,000110011011
material,010001011010
possible,010101101110
actions,000000100110
scenarios,011001101001
both,000011101010
offline,010011101001
online,010011101111
support,011100100000
log,010000101011
defects,000111100010
enhancement,001001110000
requests,011000100110
thereafter,011101010110
email,001001011110
sms,011011000010
chooses,000100110111
whenever,100000000000
taken,011100110100
alert,000001011001
enable,001001100100
submitted,011100010000
defect,000111100001
helpdesk,001100111001
categorywise,000100100011
statuswise,011011110101
age,000001010010
wise,100000001111
outside,010100010000
browser,000011110111
audit,000010101101
trail,011101110100
either,001001011010
triggers,011101111111
administrators,000001000100
unalterable,011110001101
capturing,000100010111
storing,011011111111
createreadupdatedelete,000110111110
case,000100011100
suspect,011100100110
initiating,001110011101
carrying,000100011011
event,001010000111
administrative,000001000010
word,100000010111
mean,010001100001
modified,010010001110
way,011111110001
subject,011100001111
redepartment,010111111101
copying,000110100101
removable,011000010000
media,010001100111
contents,000110011000
remain,011000001110
unchanged,011110010001
activated,000000100111
events,001010001000
manual,010001010011
intervention,001111000101
least,010000001000
life,010000010111
refers,011000000001
available,000010111101
inspection,001110100011
achieved,000000011110
authorised,000010110001
who,100000001001
familiarity,001010110010
export,001010100010
trails,011101110101
specified,011011010101
affecting,000001001101
auditors,000010101110
wish,100000010000
examine,001010001111
analyse,000001110000
activity,000000101100
capture,000100010101
violations,011111100001
ie,001101100111
he,001100110101
denied,000111110000
where,100000000001
validly,011111001101
attempted,000010101000
mechanisms,010001100110
organised,010100000101
chronological,000100111001
workstation,100000011011
technically,011100111110
appropriate,000010001000
correspondences,000110101110
files,001010111110
functionalities,001100000001
allow,000001100000
limit,010000011010
groups,001100100010
rolebased,011001010110
member,010001101101
more,010010011010
one,010011101110
group,001100100000
only,010011110000
adminusers,000001000110
profiles,010110101100
allocate,000001011101
stipulate,011011111000
rights,011001010010
allocation,000001011111
superuser,011100011110
searches,011001110011
does,001000110010
right,011001010001
responses,011000111100
display,001000100000
title,011101100011
existence,001010011000
do,001000101110
indicate,001110001001
options,010100000001
presented,010110001010
increasing,001110000110
note,010011010010
requirement,011000101001
third,011101011010
option,010011111110
stringent,011100001000
implies,001101110111
include,001101111110
normally,010011010000
dealing,000111011101
matters,010001011100
national,010010101101
performs,010101000010
quick,010111001111
never,010010111101
list,010000100000
unauthorised,011110001110
activities,000000101011
involving,001111010000
documents,001000110001
need,010010110101
legal,010000001010
admissibility,000001000111
assist,000010011111
meaningful,010001100010
appropriately,000010001001
acted,000000100100
likely,010000011001
see,011001111110
ideally,001101011110
accompanied,000000010010
explanatory,001010011111
indication,001110001100
employ,001001100001
rules,011001011011
small,011011000000
familiar,001010110001
common,000101010101
look,010000110100
feel,001010111000
suspects,011100100111
customizable,000111001101
userconfigurable,011110111011
possibleg,010101101111
displayed,001000100001
columns,000101001111
move,010010011101
resize,011000110001
modify,010010001111
appearance,000001111110
configurations,000101111100
saved,011001100101
profile,010110101011
suitable,011100011000
special,011011001111
specialist,011011010000
guidelines,001100100111
end,001001101100
intuitive,001111001001
throughout,011101011111
persistent,010101001000
defaults,000111100000
desirable,001000000000
userdefinable,011110111100
item,001111011101
derived,000111110101
context,000110011001
file,001010111101
reference,010111111111
identifier,001101100010
frequentlyexecuted,001011110100
transactions,011101110110
designed,000111111110
completed,000101100111
employs,001001100011
graphical,001100011110
customise,000111001100
customisation,000111001011
menu,010001110010
layout,010000000011
screens,011001101110
keys,001111101110
onscreen,010011110001
colours,000101001110
fonts,001011011001
font,001011011000
sizes,011010111100
usability,011110110100
userintuitive,011110111111
comply,000101101010
standard,011011100101
iso,001111010111
ict,001101011011
guidance,001100100101
meet,010001101010
recommendations,010111110010
content,000110010111
wcag,011111110011
logo,010000110000
link,010000011101
home,001101000111
page,010100011101
equivalents,001001111110
nontext,010011001011
objects,010011011001
images,001101101011
video,011111011011
alternative,000001101000
equivalent,001001111101
textual,011101001100
descriptions,000111111010
textbased,011101001010
making,010001001000
selfdescriptive,011010000111
understand,011110010110
go,001100010100
next,010011000000
achieving,000000011111
selfdescriptiveness,011010001000
showing,011010100111
presentation,010110001000
segment,011001111111
window,100000001100
clear,000100111101
she,011010011111
structure,011100001001
position,010101101011
respect,011000111000
offering,010011100101
paths,010100110010
unit,011110011110
offered,010011100100
strategies,011100000000
minimizing,010010000101
effort,001001011000
steps,011011110110
reach,010111011000
certain,000100100110
piece,010101010010
minimized,010010000100
mental,010001110000
models,010010001100
account,000000010110
splash,011011011101
avoided,000011000000
unless,011110100100
useful,011110111000
feedback,001010110111
screen,011001101101
skip,011010111110
opening,010011110100
unnecessary,011110100101
windows,100000001110
additional,000000111000
popup,010101101000
opened,010011110011
supports,011100100011
distract,001000101001
confuse,000101111111
impede,001101101111
variety,011111010001
reasons,010111100110
superimpose,011100011100
priy,010110011011
hiding,001101000000
relevant,011000001011
cognitively,000101001001
difficult,001000010100
effects,001001010100
closing,000101000011
unwanted,011110101011
vertical,011111011000
scrolling,011001101111
placing,010101011001
top,011101101110
links,010000011111
down,001000110110
horizontal,001101001100
wherever,100000000011
designing,000111111111
device,001000001110
independence,001110000111
activation,000000101001
controls,000110011111
devices,001000001111
choose,000100110110
activating,000000101000
fields,001010111011
buttons,000100000001
prefer,010110000000
mobile,010010001001
disabilities,001000011000
operable,010011110101
keyboard,001111101101
face,001010101001
changing,000100101101
technology,011101000001
encompasses,001001100111
present,010110000111
containing,000110010101
newer,010010111111
technologies,011101000000
older,010011101011
agents,000001010100
well,011111111010
usable,011110110101
future,001100001000
acceptable,000000001010
download,001000110111
times,011101100010
implemented,001101110100
there,011101010101
technical,011100111101
contexts,000110011010
bandwidth,000011001001
particularly,010100101010
frequently,001011110011
accessed,000000001101
exploration,001010100001
potential,010101110101
recover,010111111001
shown,011010101000
clearly,000100111110
reason,010111100101
why,100000001010
resolve,011000110100
expect,001010011010
language,001111111011
formats,001011100000
units,011110100000
currency,000111000110
diverse,001000101100
elements,001001011100
temperatures,011101000010
phone,010101001110
postal,010101110001
codes,000101000111
resizable,011000110000
resized,011000110010
agent,000001010011
means,010001100011
quality,010111001001
spelling,011011011011
gram,001100011011
readability,010111011100
writing,100000011111
style,011100001110
reading,010111011111
understanding,011110010111
supported,011100100001
sentences,011010010000
division,001000101101
shorter,011010100100
chunks,000100111010
items,001111011110
bullet,000011111100
points,010101100100
supporting,011100100010
skimming,011010111101
provision,010111000011
bulleted,000011111101
lists,010000100100
highlighted,001101000010
keywords,001111101111
logical,010000101110
headings,001100110111
phrases,010101001111
readable,010111011101
characteristics,000100110000
spatial,011011001110
arrangement,000010010110
consulted,000110010010
legibility,010000001011
distinguishable,001000100111
withinpage,100000010011
lead,010000000101
dashed,000111010011
rather,010111010110
solid,011011000110
underlines,011110010101
overload,010100010110
proportions,010110110111
presence,010110000110
terminology,011101000101
representing,011000100010
main,010000111110
labelled,001111110110
terms,011101000110
hisher,001101000101
knowledge,001111110011
experience,001010011110
descriptive,000111111011
labels,001111110111
target,011100110111
purpose,010111000110
directly,001000010111
indicated,001110001010
label,001111110101
generic,001100001101
click,000100111111
here,001100111101
except,001010010010
commonly,000101010110
understood,011110011000
semantics,011010001010
marking,010001011000
open,010011110010
ked,001111101001
distinguishing,001000101000
typical,011110000111
manipulating,010001001111
performing,010101000001
starting,011011101100
chat,000100110010
hpresentationrelated,001101010100
sorting,011011001010
printable,010110010001
document,001000101111
versions,011111010111
too,011101101010
dispersed,001000011111
printerfriendly,010110010011
version,011111010110
prints,010110010100
paper,010100100000
orientation,010100000111
white,100000001000
space,011011001100
filled,001011000000
background,000011000110
color,000101001011
impair,001101101110
visual,011111100101
visually,011111100111
organizing,010100000110
distance,001000100100
blocks,000011100100
becomes,000011010100
rapid,010111010011
impeded,001101110000
selecting,011010000100
lengths,010000001111
length,010000001110
generally,001100001010
homepages,001101001001
overview,010100010111
read,010111011011
quickly,010111010000
longer,010000110011
want,011111101010
match,010001011001
counterpart,000110110011
colour,000101001101
care,000100011000
human,001101011000
capabilities,000100001111
restrictions,011001000010
perceiving,010100111100
conveying,000110100010
coding,000101001000
difficulties,001000010101
colors,000101001100
combinations,000101010001
avoid,000010111111
problems,010110011100
example,001010010000
those,011101011100
back,000011000100
button,000100000000
bookking,000011100110
describe,000111110110
how,001101010010
relate,011000001000
another,000001110101
alternatives,000001101010
framebased,001011101011
presenting,010110001011
textonly,011101001011
sheets,011010100000
turned,011110000011
alternatively,000001101001
consistent,000110001001
schemes,011001101011
finding,001011000110
similar,011010110000
preferable,010110000001
however,001101010011
purposes,010111000111
usually,011111000110
grouped,001100100001
categories,000100100001
category,000100100010
consistently,000110001010
titles,011101100100
placed,010101010111
location,010000101001
observing,010011011100
principles,010110010000
perception,010100111101
international,001111000000
standards,011011100111
mentioned,010001110001
practical,010101111011
found,001011101000
forms,001011100100
techniques,011100111111
menus,010001110011
command,000101010100
dialogues,001000010001
direct,001000010110
multimedia,010010100000
presentations,010110001001
design,000111111100
described,000111110111
plays,010101100001
key,001111101100
linking,010000011110
landk,001111111010
leading,010000000110
recognize,010111110001
site,011010111000
map,010001010110
consistency,000110001000
overviews,010100011000
conction,000101110111
maintained,010001000010
visible,011111100011
area,000010010001
framesets,001011101101
individualization,001110001110
adaptation,000000110010
adapting,000000110011
interest,001110110111
efficient,001001010111
approaches,000010000111
goals,001100010110
like,010000011000
customizing,000111001111
personal,010101001010
differently,001000010011
varying,011111010011
roles,011001010111
employees,001001100010
monitoring,010010010101
behaviour,000011011010
inferred,001110010011
observed,010011011011
recommending,010111110100
potentially,010101110110
interesting,001110111001
structures,011100001010
consideration,000110000101
evident,001010001011
predefined,010101111110
userspecified,011111000011
individualizing,001110001111
concept,000101110101
implications,001101110110
allowing,000001100010
delete,000111101001
demand,000111101110
follow,001011010110
under,011110010011
wwwusabilitygov,100000100000
planned,010101011101
downtime,001000111001
exceed,001010010001
hours,001101001110
per,010100111011
considered,000110000110
unable,011110001100
normal,010011001101
attributed,000010101011
unplanned,011110100110
incidents,001101111101
restore,011001000000
inline,001110011111
synchronization,011100101001
adequate,000000111101
performed,010101000000
peak,010100110100
simple,011010110001
seconds,011001110111
multiple,010010100010
criteria,000111000010
regardless,011000000011
capacity,000100010010
returning,011001001011
retrieving,011001001001
themselves,011101010011
retrieve,011001001000
months,010010011000
intended,001110101110
retrieval,011001000111
frequentlyused,001011110101
typically,011110001000
correlated,000110101100
recent,010111101110
infrequently,001110010110
slower,011010111111
scaleable,011001100111
features,001010110110
preclude,010101111101
stations,011011110010
handled,001100101101
bootstrap,000011101001
offers,010011100110
standardized,011011100110
ui,011110001011
framework,001011101110
maintains,010001000100
housingu,001101010001
utilize,011111000111
frontfacing,001011111100
every,001010001001
header,001100110110
additionally,000000111001
footer,001011011011
our,010100001100
product,010110100111
run,011001011100
heroku,001100111110
cloud,000101000100
essentially,001010000010
receives,010111101101
line,010000011100
call,000100000110
referencing,011000000000
github,001100010000
repo,011000011101
compiles,000101100010
hosts,001101001101
isolated,001111011000
unix,011110100011
v,011111001000
hooks,001101001011
database,000111010110
deploys,000111110100
afterward,000001001111
passed,010100101110
calls,000100000111
select,011010000001
secured,011001111011
https,001101010111
prevent,010110001100
session,011010011000
hijacking,001101000011
we,011111110100
captcha,000100010011
originates,010100001001
thus,011101100000
spam,011011001101
furthermore,001100000111
sensitive,011010001110
industry,001110010000
encryption,001001101011
emails,001001011111
randomized,010111010001
temporary,011101000100
plaintext,010101011011
identity,001101100100
theft,011101010000
searchfilter,011001110100
vacant,011111001001
define,000111100011
santa,011001100011
barbara,000011001011
dollars,001000110011
month,010010010110
rent,011000010010
localization,010000100111
feature,001010110101
united,011110011111
instantly,001110100110
find,001011000101
google,001100011001
show,011010100110
listings,010000100011
searching,011001110101
whichever,100000000110
geographical,001100001110
distances,001000100101
distancing,001000100110
high,001101000001
sites,011010111001
school,011001101100
districts,001000101011
parks,010100100100
malls,010001001001
restaurants,011000111111
traffic,011101110011
proximity,010111000100
patterns,010100110011
around,000010010101
give,001100010001
ideas,001101011111
commute,000101011011
work,100000011001
even,001010000110
friends,001011111000
house,001101001111
areas,000010010010
draw,001000111010
maps,010001010111
price,010110001110
comparing,000101011101
prices,010110001111
buyers,000100000010
comparisons,000101011111
many,010001010101
houses,001101010000
noise,010011000010
idea,001101011101
behind,000011011011
average,000010111110
might,010001111110
located,010000101000
near,010010110010
freeway,001011110000
college,000101001010
town,011101110000
parties,010100101011
lot,010000111000
isla,001111010110
vista,011111100100
i,001101011001
my,010010100101
details,001000000110
posted,010101110010
owners,010100011010
constraints,000110001111
bedrooms,000011010101
bathrooms,000011010001
square,011011011111
footage,001011011010
description,000111111001
website,011111111000
securely,011001111100
contact,000110010011
watch,011111110000
notified,010011010100
listing,010000100010
edited,001001001110
browse,000011110110
owner,010100011001
upload,011110110000
second,011001110110
generate,001100001011
minimization,010010000010
industrystandard,001110010001
compression,000101101101
safety,011001100000
protection,010110111100
accounts,000000011000
personallyidentifiable,010101001011
captchabased,000100010100
authentication,000010110000
minimize,010010000011
issues,001111011011
breach,000011110000
correctness,000110101011
implement,001101110001
method,010001111001
rental,011000010011
image,001101101010
postings,010101110100
automated,000010110111
bots,000011101011
posting,010101110011
beyond,000011100000
me,010001100000
validity,011111001100
hooking,001101001010
api,000001111011
cross,000111000100
entered,001001110100
real,010111100001
impose,001101111001
duplicate,001001000001
adaptability,000000110000
adaptable,000000110001
sense,011010001101
displays,001000100010
functionally,001100000011
matter,010001011011
because,000011010011
today,011101100110
tablet,011100110001
responsive,011000111110
css,000111000101
downscale,001000111000
viewer,011111011101
strict,011100000101
simply,011010110011
shrinks,011010101100
full,001011111101
switch,011100101000
larger,001111111111
replaced,011000010111
smaller,011011000001
oriented,010100001000
shrinking,011010101011
dropdown,001000111100
opposed,010011111101
inside,001110100010
bar,000011001010
budget,000011111001
tracker,011101110010
spent,011011011100
shopping,011010100010
write,100000011110
notes,010011010011
hit,001101000110
enter,001001110011
serial,011010010010
barcode,000011001100
deduct,000111011111
before,000011010111
progress,010110101111
visualize,011111100110
progression,010110110000
x,100000100001
wants,011111101100
just,001111101000
wanted,011111101011
increase,001110000100
rease,010111100100
recommended,010111110011
products,010110101001
superket,011100011101
name,010010101000
box,000011101110
figure,001010111100
appear,000001111101
halal,001100101001
essys,001010000011
nonhalal,010011001001
nameprize,010010101001
non,010011000011
statement,011011101111
ingredients,001110011000
recognition,010111110000
know,001111110010
approve,000010001010
jakim,001111100001
scan,011001101000
your,100000100100
manufacture,010001010100
certificate,000100100111
detection,001000001001
clientserver,000101000001
computing,000101110011
consist,000110000111
server,011010010100
computer,000101110001
desktop,001000000001
client,000101000000
android,000001110100
studio,011100001101
develop,001000001100
communicate,000101010111
among,000001101100
tcpip,011100111100
protocol,010110111101
http,001101010110
ldap,010000000100
smtp,011011000011
interchange,001110110100
json,001111100111
string,011100000111
plain,010101011010
service,011010010111
peers,010100110110
implementation,001101110010
concentrate,000101110100
equipped,001001111100
camera,000100001000
facility,001010101100
fully,001011111110
advantage,000001001010
itself,001111100000
program,010110101101
firebase,001011001010
messagedata,010001110101
involved,001111001111
listed,010000100001
toolslibraries,011101101101
apache,000001111010
app,000001111100
fireb,001011001001
ase,000010011000
realtime,010111100010
html,001101010101
w,011111101000
jqueryajax,001111100101
methods,010001111010
multipart,010010100001
formdata,001011100011
strin,011100000110
perlldap,010101000110
cpan,000110111000
na,010010100111
section,011001111000
describes,000111111000
uc,011110001001
diagram,001000010000
m,010000111011
web,011111110101
goal,001100010101
customer,000111001001
actor,000000101101
package,010100011011
assumption,000010100011
medium,010001101001
course,000110110101
alternate,000001100111
condition,000101111000
included,001101111111
extended,001010100100
customers,000111001010
advise,000001001011
fill,001010111111
permission,010101000111
logobarcode,010000110001
big,000011100001
execution,001010010111
soon,011011001001
implements,001101110101
compatibility,000101100000
latest,010000000010
internet,001111000001
documentation,001000110000
embedded,001001100000
uptime,011110110011
connectivity,000110000100
spring,011011011110
boot,000011101000
mysql,010010100110
frontend,001011111011
react,010111011010
js,001111100110
communicated,000101011000
accordingly,000000010101
interacting,001110110000
front,001011111010
ajax,000001011000
you,100000100011
free,001011101111
project,010110110001
wait,011111101001
answers,000001110110
middle,010001111101
man,010001001010
knowledgepark,001111110100
forum,001011100101
questions,010111001101
admin,000001000001
analysis,000001110001
irrelevant,001111010011
satisfaction,011001100100
stands,011011101001
expectation,001010011011
operation,010011111010
good,001100011000
careful,000100011001
programming,010110101110
undesired,011110011001
situations,011010111010
operates,010011111000
halting,001100101010
robustness,011001010100
tackle,011100110010
disastrous,001000011010
words,100000011000
foul,001011100111
proof,010110110010
safeguards,011001011111
portable,010101101010
architecture,000010001101
easily,001001001001
transferable,011101111000
platforms,010101100000
friendliness,001011110110
learn,010000000111
native,010010101110
effectively,001001010010
friendly,001011110111
places,010101011000
convenience,000110100000
ids,001101100110
metro,010001111011
protected,010110111011
privacy,010110011000
whatever,011111111101
regarding,011000000010
carried,000100011010
java,001111100010
public,010111000101
durability,001001000010
tested,011101000111
working,100000011010
effectiveness,001001010011
maintainability,010001000001
aration,000010001100
business,000011111110
logic,010000101101
gui,001100100100
operate,010011110111
viewing,011111011111
book,000011100101
issuedreturned,001111011010
stock,011011111001
fit,001011001101
defined,000111100100
pillai,010101010011
institute,001110100111
engineering,001001101111
studies,011100001100
research,011000101110
department,000111110001
template,011101000011
interact,001110101111
mus,010010100011
his,001101000100
asks,000010011001
incorrectly,001110000011
appears,000001111111
librarian,010000010100
looking,010000110101
interested,001110111000
inthen,001111000110
entering,001001110101
books,000011100111
addedit,000000110110
librarians,010000010101
panel,010100011111
addremove,000000111010
resource,011000110110
manage,010001001011
lending,010000001101
surety,011100100101
validation,011111001011
members,010001101110
id,001101011100
updating,011110101111
issue,001111011001
library,010000010110
policy,010101100111
assigning,000010011110
fine,001011000111
return,011001001010
accountability,000000010111
going,001100010111
chief,000100110101
campuses,000100001010
university,011110100010
interacts,001110110011
staff,011011100011
students,011100001011
therefore,011101010111
accurate,000000011100
nonexpected,010011000101
ways,011111110010
period,010101000011
inbuilt,001101111100
usernamepassword,011111000001
accommodate,000000010000
fault,001010110100
virus,011111100010
lost,010000110111
upsinverter,011110110010
supply,011100011111
anything,000001111001
hack,001100101000
admins,000001000101
creating,000110111111
install,001110100100
rule,011001011010
captures,000100010110
policies,010101100110
practices,010101111100
enforce,001001101101
ision,001111010101
infer,001110010010
existing,001010011001
datathis,000111011000
regulations,011000000111
abide,000000000001
cost,000110110000
discount,001000011101
illegal,001101101001
protocols,010110111110
neither,010010111010
nor,010011001100
assumed,000010100010
computers,000101110010
browsing,000011111000
internals,001110111111
rectify,010111111100
catastrophes,000100011111
guide,001100100110
educate,001001001111
facilities,001010101011
forgot,001011011101
migration,010001111111
registers,011000000101
replication,011000011011
branch,000011101111
still,011011110111
auto,000010110101
saving,011001100110
maintaining,010001000011
stable,011011100010
modern,010010001101
chrome,000100111000
enough,001001110001
rebroadcast,010111101000
broadcaster,000011110010
webcam,011111110110
preferably,010110000010
laptop,001111111100
o,010011011000
catch,000100100000
ppcast,010101111001
simplicity,011010110010
mind,010010000000
added,000000110101
later,010000000001
mockup,010010001010
broadcasts,000011110101
point,010101100011
viewers,011111011110
side,011010101101
automatic,000010111000
homepage,001101001000
begin,000011011000
broadcasting,000011110100
webrtc,011111110111
specifically,011011010010
mediastream,010001101000
microphone,010001111100
abstracts,000000001000
complexities,000101101000
desktops,001000000010
laptops,001111111101
abstracted,000000000111
javascript,001111100011
websockets,011111111001
databases,000111010111
rtcpeerconnection,011001011000
sdp,011001110001
hides,001100111111
two,011110000100
worrying,100000011100
lower,010000111010
channels,000100101111
signaling,011010101111
uses,011111000100
dtls,001000111110
srtp,011011100001
focuses,001011010101
ice,001101011010
connecting,000110000001
try,011110000000
connect,000110000000
udp,011110001010
latency,010000000000
fails,001010101110
tcp,011100111011
finally,001011000100
servers,011010010101
adopting,000001001000
requires,011000101011
party,010100101101
behavior,000011011001
peoples,010100111010
live,010000100110
userfriendly,011110111110
filters,001011000010
broadcast,000011110001
whats,011111111110
coming,000101010011
disconnect,001000011011
people,010100111001
resources,011000110111
few,001010111001
constraining,000110001101
peer,010100110101
intelligently,001110101101
interrupted,001111000010
encounters,001001101001
cameras,000100001001
mozilla,010010011110
firefox,001011001011
having,001100110100
broadcasters,000011110011
sharing,011010011110
happen,001100110000
immediately,001101101100
joining,001111100100
sudden,011100010110
unexpected,011110011011
disconnections,001000011100
trigger,011101111110
streaming,011100000011
again,000001010000
ex,001010001110
leaving,010000001001
gracefully,001100011010
rebroadcasting,010111101001
apple,000010000000
macbook,010000111100
pros,010110111001
baseline,000011001110
mainly,010000111111
bottlenecked,000011101100
implementations,001101110011
odingtranscoding,010011100001
ethically,001010000101
morally,010010011001
assume,000010100001
recorded,010111110111
private,010110011001
anyone,000001111000
dtlssrtp,001000111111
nave,010010101111
denial,000111101111
attacks,000010100110
instance,001110100101
degrade,000111100111
stre,011100000001
attempt,000010100111
lowbandwidth,010000111001
overlay,010100010101
ppcasts,010101111010
peertopeer,010100110111
core,000110100110
serverside,011010010110
unusual,011110101010
environments,001001111011
correctn,000110101010
talk,011100110110
clientside,000101000010
portability,010101101001
reliability,011000001100
sure,011100100100
resolved,011000110101
cause,000100100100
undue,011110011010
reusability,011001001100
reusable,011001001101
t,011100101110
conflict,000101111110
exclusion,001010010101
meeting,010001101011
preference,010110000011
planning,010101011110
cancel,000100001100
replanning,011000011001
resolution,011000110011
participant,010100100111
reliable,011000001101
replies,011000011100
awareness,000011000011
negotiation,010010111001
exchanged,001010010100
participants,010100101000
initiator,001110011110
proceedings,010110011110
meetings,010001101100
expressed,001010100011
constraint,000110001110
preferences,010110000100
attend,000010101010
sdms,011001110000
rearrange,010111100011
preferred,010110000101
changed,000100101011
datelocation,000111011010
accommodated,000000010001
cancelled,000100001101
disaster,001000011001
occurs,010011100000
reschedule,011000101100
stated,011011101110
managed,010001001101
invoke,001111001101
moreover,010010011011
monitored,010010010100
nonexperts,010011000110
elapsed,001001011011
sending,011010001100
wonder,100000010110
bound,000011101101
determination,001000001010
actual,000000101111
extensibility,001010100101
explicit,001010100000
priorities,010110010110
dates,000111011011
dependencies,000111110010
enforced,001001101110
nonprivileged,010011001010
aware,000011000010
much,010010011111
entralized,001001111000
independently,001110001000
whereabouts,100000000010
professional,010110101010
characterized,000100110001
allocated,000001011110
office,010011100111
leisure,010000001100
flexible,001011010011
rescheduling,011000101101
dynamically,001001000110
flexibility,001011010010
evolving,001010001101
concerned,000101110110
reached,010111011001
accuracythe,000000011011
accurately,000000011101
distributed,001000101010
