lambda_gram,embedding
internally,001110111110
type,011110000101
manufacture,010001010100
criminalaccused,000111000001
shows,011010101001
poweroftwo,010101111000
internal,001110111101
sms,011011000010
rti,011001011001
chunks,000100111010
createreadupdatedelete,000110111110
constable,000110001011
full,001011111101
simple,011010110001
focused,001011010100
size,011010111011
integrity,001110101100
trail,011101110100
while,100000000111
footage,001011011010
internals,001110111111
filled,001011000000
power,010101110111
preferences,010110000100
act,000000100011
especially,001010000001
t,011100101110
sizes,011010111100
enabling,001001100101
then,011101010100
generate,001100001011
variety,011111010001
man,010001001010
existing,001010011001
assembly,000010011100
prior,010110010101
providing,010111000010
unavailable,011110010000
enforced,001001101110
needed,010010110110
initiator,001110011110
returning,011001001011
quick,010111001111
tcp,011100111011
resolution,011000110011
band,000011001000
capability,000100010000
section,011001111000
units,011110100000
framebased,001011101011
buffer,000011111010
main,010000111110
triggers,011101111111
selectable,011010000010
once,010011101101
responsibilities,011000111101
careful,000100011001
nonfunctional,010011000111
who,100000001001
structure,011100001001
choose,000100110110
personallyidentifiable,010101001011
monitoring,010010010101
combinations,000101010001
derived,000111110101
graphical,001100011110
current,000111000111
formatting,001011100010
very,011111011001
screen,011001101101
multimedia,010010100000
keywords,001111101111
allocated,000001011110
readily,010111011110
such,011100010101
uniquely,011110011101
internet,001111000001
process,010110011111
js,001111100110
documents,001000110001
viewing,011111011111
offered,010011100100
focuses,001011010101
librarians,010000010101
crime,000111000000
handled,001100101101
webrtc,011111110111
halal,001100101001
replanning,011000011001
chrome,000100111000
maps,010001010111
an,000001101111
complaint,000101100100
familiar,001010110001
browser,000011110111
familiarity,001010110010
maintain,010001000000
drudgery,001000111101
disaster,001000011001
occurred,010011011111
statistics,011011110011
priorities,010110010110
unexpected,011110011011
nonexpected,010011000101
easy,001001001011
helping,001100111010
do,001000101110
repo,011000011101
barcode,000011001100
errors,001010000000
taken,011100110100
customers,000111001010
prices,010110001111
reliable,011000001101
approach,000010000110
conduit,000101111010
modules,010010010001
satisfaction,011001100100
produce,010110100101
techniques,011100111111
pros,010110111001
udp,011110001010
labelled,001111110110
manipulation,010001010000
limit,010000011010
being,000011011100
restrictions,011001000010
transferable,011101111000
other,010100001011
logo,010000110000
staff,011011100011
closing,000101000011
plus,010101100010
buyers,000100000010
unconverted,011110010010
mockup,010010001010
self,011010000110
dollars,001000110011
reporting,011000100000
segment,011001111111
file,001010111101
supporting,011100100010
potentially,010101110110
paper,010100100000
req,011000100011
members,010001101110
sense,011010001101
physical,010101010000
phone,010101001110
house,001101001111
entities,001001110111
srs,011011100000
months,010010011000
usernamepassword,011111000001
conditions,000101111001
constantly,000110001100
accommodate,000000010000
desirable,001000000000
complete,000101100110
following,001011010111
associated,000010100000
models,010010001100
period,010101000011
connection,000110000010
frontfacing,001011111100
dispersed,001000011111
important,001101111000
grant,001100011100
ethically,001010000101
level,010000010010
furthermore,001100000111
they,011101011001
longer,010000110011
tbd,011100111010
assumption,000010100011
automatic,000010111000
meta,010001110111
unauthorized,011110001111
device,001000001110
invoke,001111001101
m,010000111011
distinguishable,001000100111
frame,001011101010
demand,000111101110
additional,000000111000
initiated,001110011011
panel,010100011111
employ,001001100001
nonprivileged,010011001010
live,010000100110
start,011011101010
awareness,000011000011
computational,000101101111
practices,010101111100
destination,001000000011
disconnect,001000011011
responsive,011000111110
periods,010101000101
modify,010010001111
supply,011100011111
proof,010110110010
function,001011111111
odingtranscoding,010011100001
technologies,011101000000
under,011110010011
in,001101111011
guidelines,001100100111
replica,011000011010
allows,000001100011
cached,000100000101
small,011011000000
any,000001110111
equipped,001001111100
workstation,100000011011
service,011010010111
behaviour,000011011010
inbuilt,001101111100
initiates,001110011100
whereabouts,100000000010
databases,000111010111
much,010010011111
preferred,010110000101
mind,010010000000
means,010001100011
responding,011000111010
expectation,001010011011
again,000001010000
particular,010100101001
transactions,011101110110
cases,000100011101
stop,011011111010
equivalent,001001111101
first,001011001100
regulations,011000000111
unitspersonnel,011110100001
failure,001010101111
administrative,000001000010
eg,001001011001
storing,011011111111
breach,000011110000
out,010100001101
image,001101101010
broadcasters,000011110011
passwords,010100110000
drive,001000111011
your,100000100100
mc,010001011111
apache,000001111010
students,011100001011
gracefully,001100011010
approve,000010001010
themselves,011101010011
access,000000001100
storage,011011111100
gui,001100100100
laptop,001111111100
newer,010010111111
care,000100011000
nor,010011001100
parks,010100100100
manual,010001010011
segments,011010000000
foul,001011100111
source,011011001011
integral,001110101001
displayed,001000100001
quantization,010111001010
given,001100010010
receives,010111101101
shopping,011010100010
abide,000000000001
adaptability,000000110000
userfriendly,011110111110
marking,010001011000
people,010100111001
before,000011010111
securely,011001111100
repeatable,011000010101
equivalents,001001111110
resize,011000110001
react,010111011010
overload,010100010110
match,010001011001
hiding,001101000000
joining,001111100100
outage,010100001110
make,010001000110
school,011001101100
reference,010111111111
availability,000010111100
chooses,000100110111
facilitates,001010101010
prosecution,010110111010
queue,010111001110
hooks,001101001011
districts,001000101011
upon,011110110001
chainable,000100101001
cache,000100000100
unchanged,011110010001
pages,010100011110
desktop,001000000001
evident,001010001011
raw,010111010111
target,011100110111
task,011100111000
try,011110000000
isla,001111010110
no,010011000001
making,010001001000
numbers,010011010111
need,010010110101
comparisons,000101011111
successfully,011100010100
transmission,011101111011
strin,011100000110
exploration,001010100001
explanatory,001010011111
spent,011011011100
performing,010101000001
friendly,001011110111
browse,000011110110
distinguishing,001000101000
delivery,000111101101
readability,010111011100
backup,000011000111
potential,010101110101
lead,010000000101
stations,011011110010
comparison,000101011110
relating,011000001010
he,001100110101
interfacing,001110111100
signal,011010101110
